wav_filename,wav_filesize,transcript
common_voice_es_22042618.wav,78380,tres
common_voice_es_22043149.wav,172844,tres
common_voice_es_22043257.wav,53036,tres
common_voice_es_22041890.wav,85292,tres
common_voice_es_22040787.wav,68396,uno
common_voice_es_22040791.wav,76844,tres
common_voice_es_21940928.wav,68396,no
common_voice_es_21940930.wav,86060,seis
common_voice_es_22042528.wav,87596,tres
common_voice_es_22042530.wav,69164,sí
common_voice_es_21999719.wav,83756,siete
common_voice_es_21999721.wav,83756,Hey
common_voice_es_21999723.wav,74540,sí
common_voice_es_22008908.wav,59948,dos
common_voice_es_22008909.wav,68396,sí
common_voice_es_22008910.wav,73004,Firefox
common_voice_es_22024488.wav,79916,nueve
common_voice_es_22024490.wav,69164,uno
common_voice_es_22024492.wav,75308,ocho
common_voice_es_22039515.wav,75308,tres
common_voice_es_22039522.wav,60716,siete
common_voice_es_22039525.wav,56876,cero
common_voice_es_22000003.wav,106028,dos
common_voice_es_22000006.wav,130604,ocho
common_voice_es_22000011.wav,76844,no
common_voice_es_22000013.wav,79916,seis
common_voice_es_21946469.wav,110636,seis
common_voice_es_21946470.wav,102188,no
common_voice_es_21946472.wav,134444,cero
common_voice_es_21946476.wav,122156,dos
common_voice_es_21947615.wav,133676,no
common_voice_es_21947618.wav,81452,siete
common_voice_es_21947619.wav,80684,sí
common_voice_es_21947621.wav,86828,nueve
common_voice_es_22029021.wav,55340,uno
common_voice_es_22029026.wav,66860,nueve
common_voice_es_22029036.wav,64556,tres
common_voice_es_22029034.wav,65324,Firefox
common_voice_es_22030354.wav,112172,Firefox
common_voice_es_22030359.wav,106028,dos
common_voice_es_22030877.wav,99116,nueve
common_voice_es_22030884.wav,99884,cinco
common_voice_es_21983004.wav,96044,Firefox
common_voice_es_21983005.wav,82988,nueve
common_voice_es_21983006.wav,72236,no
common_voice_es_21983008.wav,63788,siete
common_voice_es_21999762.wav,179756,cuatro
common_voice_es_21999763.wav,79916,siete
common_voice_es_21999764.wav,109868,Firefox
common_voice_es_21999765.wav,73004,cero
common_voice_es_21984499.wav,99116,uno
common_voice_es_21984502.wav,99116,siete
common_voice_es_21984501.wav,92972,sí
common_voice_es_21984503.wav,97580,Firefox
common_voice_es_21965438.wav,143660,Hey
common_voice_es_21965439.wav,107564,cuatro
common_voice_es_21965441.wav,94508,ocho
common_voice_es_21965442.wav,56876,Firefox
common_voice_es_22041612.wav,95276,tres
common_voice_es_22041829.wav,66860,sí
common_voice_es_22041830.wav,86828,uno
common_voice_es_22041860.wav,90668,cuatro
common_voice_es_21963896.wav,153644,seis
common_voice_es_21963898.wav,141356,dos
common_voice_es_21963900.wav,105260,siete
common_voice_es_21963902.wav,112940,nueve
common_voice_es_21973017.wav,136748,no
common_voice_es_21973018.wav,101420,tres
common_voice_es_21973023.wav,105260,Hey
common_voice_es_21973028.wav,89900,cuatro
common_voice_es_21944844.wav,128300,Hey
common_voice_es_21944845.wav,77612,sí
common_voice_es_21944846.wav,71468,seis
common_voice_es_21944847.wav,73004,tres
common_voice_es_21944848.wav,64556,cero
common_voice_es_21984700.wav,99884,ocho
common_voice_es_21984704.wav,80684,sí
common_voice_es_21984707.wav,75308,no
common_voice_es_21984710.wav,89132,seis
common_voice_es_21984712.wav,78380,uno
common_voice_es_21995278.wav,179756,seis
common_voice_es_21995280.wav,93740,tres
common_voice_es_21995281.wav,66860,Hey
common_voice_es_21995282.wav,75308,no
common_voice_es_21995285.wav,72236,cero
common_voice_es_21984484.wav,106796,siete
common_voice_es_21984485.wav,79148,cero
common_voice_es_21984487.wav,96044,Firefox
common_voice_es_21984489.wav,71468,uno
common_voice_es_21975208.wav,226604,tres
common_voice_es_21975213.wav,75308,seis
common_voice_es_21975216.wav,59180,sí
common_voice_es_21975218.wav,58412,Hey
common_voice_es_21975219.wav,60716,cinco
common_voice_es_21994739.wav,99116,siete
common_voice_es_21994740.wav,89132,nueve
common_voice_es_21994741.wav,89132,Hey
common_voice_es_21994742.wav,92972,cinco
common_voice_es_21994743.wav,91436,seis
common_voice_es_21990336.wav,125228,cinco
common_voice_es_21990337.wav,97580,cero
common_voice_es_21990338.wav,96812,nueve
common_voice_es_21990339.wav,86828,siete
common_voice_es_21990340.wav,77612,sí
common_voice_es_21939390.wav,100652,Hey
common_voice_es_21939391.wav,94508,ocho
common_voice_es_21939392.wav,73004,no
common_voice_es_21939393.wav,62252,dos
common_voice_es_21939394.wav,67628,siete
common_voice_es_21972251.wav,80684,uno
common_voice_es_21972254.wav,64556,dos
common_voice_es_21972257.wav,58412,cero
common_voice_es_21972258.wav,58412,Hey
common_voice_es_21972259.wav,57644,no
common_voice_es_21964394.wav,123692,cuatro
common_voice_es_21964395.wav,96044,ocho
common_voice_es_21964397.wav,82220,Firefox
common_voice_es_21964400.wav,79916,cinco
common_voice_es_21964403.wav,76844,no
common_voice_es_21944956.wav,66860,tres
common_voice_es_21944957.wav,70700,seis
common_voice_es_21944958.wav,69932,uno
common_voice_es_21944959.wav,62252,Hey
common_voice_es_21944960.wav,60716,cuatro
common_voice_es_21990163.wav,155180,dos
common_voice_es_21990165.wav,95276,Firefox
common_voice_es_21990167.wav,74540,Hey
common_voice_es_21990169.wav,99884,cero
common_voice_es_21990171.wav,84524,no
common_voice_es_21991409.wav,159020,Firefox
common_voice_es_21991411.wav,173612,cinco
common_voice_es_21991413.wav,161324,ocho
common_voice_es_21991415.wav,116012,Hey
common_voice_es_22001135.wav,112172,tres
common_voice_es_22001136.wav,79148,Hey
common_voice_es_22001137.wav,111404,Firefox
common_voice_es_22001141.wav,120620,cuatro
common_voice_es_22001139.wav,145196,nueve
common_voice_es_21945827.wav,112940,siete
common_voice_es_21945832.wav,76076,cero
common_voice_es_21945834.wav,77612,cuatro
common_voice_es_21945835.wav,76076,sí
common_voice_es_21945836.wav,89132,ocho
common_voice_es_21945585.wav,101420,ocho
common_voice_es_21945586.wav,99884,uno
common_voice_es_21945587.wav,89900,tres
common_voice_es_21945588.wav,95276,Firefox
common_voice_es_21945590.wav,89900,siete
common_voice_es_22002570.wav,69164,cero
common_voice_es_22002571.wav,81452,ocho
common_voice_es_22002572.wav,66860,siete
common_voice_es_22002573.wav,53804,cuatro
common_voice_es_22002608.wav,54572,no
common_voice_es_21979445.wav,116012,uno
common_voice_es_21979447.wav,106796,cero
common_voice_es_21979449.wav,121388,no
common_voice_es_21979450.wav,93740,Firefox
common_voice_es_21979452.wav,106796,nueve
common_voice_es_21966996.wav,147500,nueve
common_voice_es_21966999.wav,90668,tres
common_voice_es_21967002.wav,89132,Firefox
common_voice_es_21967003.wav,86060,no
common_voice_es_21967004.wav,84524,cinco
common_voice_es_21972921.wav,69164,sí
common_voice_es_21972923.wav,60716,dos
common_voice_es_21972924.wav,74540,cinco
common_voice_es_21972925.wav,75308,cero
common_voice_es_21972926.wav,63788,seis
common_voice_es_21967800.wav,71468,ocho
common_voice_es_21967802.wav,79148,nueve
common_voice_es_21967804.wav,72236,cuatro
common_voice_es_21967807.wav,67628,sí
common_voice_es_21967811.wav,69932,no
common_voice_es_21996039.wav,142124,tres
common_voice_es_21996040.wav,73004,dos
common_voice_es_21996041.wav,82220,seis
common_voice_es_21996042.wav,70700,nueve
common_voice_es_22040130.wav,92204,uno
common_voice_es_21996043.wav,124460,cero
common_voice_es_22040139.wav,100652,siete
common_voice_es_22040272.wav,80684,ocho
common_voice_es_22040275.wav,68396,dos
common_voice_es_22040278.wav,66860,sí
common_voice_es_22040281.wav,75308,nueve
common_voice_es_22040954.wav,106028,siete
common_voice_es_22040965.wav,116780,tres
common_voice_es_22040981.wav,90668,sí
common_voice_es_22040982.wav,76076,dos
common_voice_es_22040996.wav,73004,uno
common_voice_es_22041009.wav,92204,no
common_voice_es_22038121.wav,233516,ocho
common_voice_es_22038122.wav,92972,siete
common_voice_es_22038130.wav,82988,dos
common_voice_es_22038124.wav,89900,uno
common_voice_es_22038140.wav,65324,cuatro
common_voice_es_22038147.wav,79148,no
common_voice_es_22038151.wav,79916,nueve
common_voice_es_21988080.wav,93740,siete
common_voice_es_21988138.wav,86060,seis
common_voice_es_21988153.wav,82220,sí
common_voice_es_21988159.wav,79148,dos
common_voice_es_21988162.wav,92204,cinco
common_voice_es_21988304.wav,79916,ocho
common_voice_es_21988320.wav,80684,nueve
common_voice_es_21971701.wav,114476,sí
common_voice_es_21971706.wav,80684,no
common_voice_es_21971708.wav,79148,cuatro
common_voice_es_21971794.wav,81452,nueve
common_voice_es_21971795.wav,86060,Hey
common_voice_es_21971797.wav,66860,ocho
common_voice_es_21971798.wav,76076,tres
common_voice_es_22025601.wav,196652,uno
common_voice_es_22025605.wav,80684,dos
common_voice_es_22025608.wav,86060,nueve
common_voice_es_22025613.wav,68396,tres
common_voice_es_22025859.wav,86060,ocho
common_voice_es_22025864.wav,65324,Firefox
common_voice_es_22025865.wav,53804,cero
common_voice_es_22001782.wav,188972,cinco
common_voice_es_22001783.wav,143660,cuatro
common_voice_es_22001847.wav,112940,dos
common_voice_es_22001848.wav,102188,cero
common_voice_es_22001849.wav,111404,tres
common_voice_es_22001850.wav,109868,sí
common_voice_es_22001851.wav,126764,Firefox
common_voice_es_21992445.wav,66092,cero
common_voice_es_21992448.wav,77612,sí
common_voice_es_21992449.wav,93740,cinco
common_voice_es_21992602.wav,92204,nueve
common_voice_es_21992605.wav,82220,tres
common_voice_es_21992608.wav,80684,dos
common_voice_es_21992609.wav,93740,uno
common_voice_es_22038442.wav,89900,tres
common_voice_es_22038443.wav,89900,cinco
common_voice_es_22038444.wav,70700,ocho
common_voice_es_22038466.wav,66092,dos
common_voice_es_22038467.wav,62252,uno
common_voice_es_22038468.wav,59180,nueve
common_voice_es_22038470.wav,73004,cero
common_voice_es_22038471.wav,69932,siete
common_voice_es_21972548.wav,86828,ocho
common_voice_es_21972549.wav,84524,cuatro
common_voice_es_21972550.wav,86828,cinco
common_voice_es_21972551.wav,99116,no
common_voice_es_21972667.wav,92972,tres
common_voice_es_21972669.wav,90668,sí
common_voice_es_21972670.wav,84524,seis
common_voice_es_21972671.wav,90668,nueve
common_voice_es_21976252.wav,113708,uno
common_voice_es_21976253.wav,73772,siete
common_voice_es_21976256.wav,63020,no
common_voice_es_21976258.wav,70700,nueve
common_voice_es_21980078.wav,82220,tres
common_voice_es_21980087.wav,75308,cero
common_voice_es_21980095.wav,82220,Firefox
common_voice_es_21980126.wav,75308,ocho
common_voice_es_21972108.wav,110636,Firefox
common_voice_es_21972141.wav,116012,Hey
common_voice_es_21972144.wav,84524,siete
common_voice_es_21972147.wav,89132,no
common_voice_es_22026843.wav,169004,uno
common_voice_es_22026844.wav,87596,seis
common_voice_es_22026845.wav,86828,cuatro
common_voice_es_22026847.wav,106028,tres
common_voice_es_22026850.wav,79148,ocho
common_voice_es_21943981.wav,81452,no
common_voice_es_21943982.wav,91436,Firefox
common_voice_es_21943983.wav,86060,nueve
common_voice_es_21943984.wav,92204,dos
common_voice_es_21943985.wav,75308,seis
common_voice_es_21944065.wav,84524,siete
common_voice_es_21944066.wav,76076,Hey
common_voice_es_21944067.wav,78380,cero
common_voice_es_21992574.wav,54572,dos
common_voice_es_21944069.wav,123692,cinco
common_voice_es_21992575.wav,58412,ocho
common_voice_es_21992576.wav,54572,nueve
common_voice_es_21992578.wav,52268,cuatro
common_voice_es_21992588.wav,47660,sí
common_voice_es_21992590.wav,49964,tres
common_voice_es_21992592.wav,49964,siete
common_voice_es_21992616.wav,49964,no
common_voice_es_21992618.wav,64556,Firefox
common_voice_es_21943996.wav,99116,cuatro
common_voice_es_21943997.wav,87596,nueve
common_voice_es_21943998.wav,99884,no
common_voice_es_21943999.wav,86828,seis
common_voice_es_21944000.wav,91436,ocho
common_voice_es_21944011.wav,80684,cinco
common_voice_es_21944012.wav,76076,cero
common_voice_es_21944013.wav,76076,siete
common_voice_es_21944014.wav,69932,sí
common_voice_es_21983119.wav,291884,cinco
common_voice_es_21983120.wav,182060,tres
common_voice_es_21983123.wav,130604,Firefox
common_voice_es_21983125.wav,116780,nueve
common_voice_es_21983157.wav,127532,seis
common_voice_es_21983160.wav,99884,siete
common_voice_es_21983161.wav,109868,ocho
common_voice_es_21983162.wav,89132,cero
common_voice_es_21983163.wav,107564,no
common_voice_es_22001385.wav,100652,sí
common_voice_es_22001386.wav,77612,cero
common_voice_es_22001388.wav,70700,siete
common_voice_es_22001389.wav,51500,ocho
common_voice_es_22001435.wav,82220,no
common_voice_es_22001436.wav,58412,Firefox
common_voice_es_22001437.wav,49964,tres
common_voice_es_22001438.wav,58412,nueve
common_voice_es_22001439.wav,79148,Hey
common_voice_es_21942252.wav,76844,seis
common_voice_es_21942253.wav,56108,Hey
common_voice_es_21942254.wav,149804,cuatro
common_voice_es_21942255.wav,91436,nueve
common_voice_es_21942500.wav,107564,cero
common_voice_es_21942501.wav,73004,siete
common_voice_es_21942502.wav,62252,uno
common_voice_es_21942504.wav,66860,tres
common_voice_es_21942505.wav,61484,ocho
common_voice_es_21944095.wav,97580,seis
common_voice_es_21944097.wav,140588,uno
common_voice_es_21944100.wav,115244,cero
common_voice_es_21944105.wav,89900,siete
common_voice_es_21944240.wav,85292,sí
common_voice_es_21944241.wav,73772,Hey
common_voice_es_21944242.wav,68396,no
common_voice_es_21944243.wav,92204,Firefox
common_voice_es_21944244.wav,69932,nueve
common_voice_es_21994499.wav,92204,uno
common_voice_es_21994501.wav,104492,Hey
common_voice_es_21994611.wav,67628,no
common_voice_es_21994612.wav,76076,dos
common_voice_es_21994614.wav,82988,cero
common_voice_es_21994694.wav,58412,nueve
common_voice_es_21994695.wav,82220,Firefox
common_voice_es_21994696.wav,66860,sí
common_voice_es_21994697.wav,70700,ocho
common_voice_es_21996919.wav,109868,siete
common_voice_es_21996921.wav,68396,seis
common_voice_es_21996922.wav,73772,cinco
common_voice_es_21996923.wav,66860,dos
common_voice_es_21997017.wav,65324,Hey
common_voice_es_21997019.wav,57644,nueve
common_voice_es_21997021.wav,67628,tres
common_voice_es_21997023.wav,73004,ocho
common_voice_es_21997024.wav,63788,sí
common_voice_es_21964846.wav,113708,Firefox
common_voice_es_21964850.wav,72236,no
common_voice_es_21964852.wav,70700,seis
common_voice_es_21964854.wav,66860,siete
common_voice_es_21965060.wav,135212,uno
common_voice_es_21965061.wav,80684,cuatro
common_voice_es_21965062.wav,69932,ocho
common_voice_es_21965063.wav,69164,dos
common_voice_es_21965064.wav,63788,tres
common_voice_es_21995672.wav,99116,sí
common_voice_es_21995674.wav,82220,Hey
common_voice_es_21995677.wav,79148,siete
common_voice_es_21995678.wav,100652,seis
common_voice_es_21995679.wav,89132,cuatro
common_voice_es_21995879.wav,103724,cero
common_voice_es_21995883.wav,88364,nueve
common_voice_es_21995889.wav,80684,uno
common_voice_es_21995972.wav,58412,no
common_voice_es_22036986.wav,138284,uno
common_voice_es_22036988.wav,63020,tres
common_voice_es_22036995.wav,70700,siete
common_voice_es_22037000.wav,65324,sí
common_voice_es_22037001.wav,67628,cero
common_voice_es_22037023.wav,63788,nueve
common_voice_es_22037024.wav,70700,Hey
common_voice_es_22037026.wav,73004,Firefox
common_voice_es_22037027.wav,67628,dos
common_voice_es_22037028.wav,71468,ocho
common_voice_es_22036251.wav,112172,ocho
common_voice_es_22036252.wav,59948,dos
common_voice_es_22036254.wav,56876,tres
common_voice_es_22036255.wav,59180,Hey
common_voice_es_22036256.wav,57644,no
common_voice_es_22036281.wav,50732,sí
common_voice_es_22036283.wav,56108,cinco
common_voice_es_22036284.wav,56108,siete
common_voice_es_22036285.wav,55340,uno
common_voice_es_22036287.wav,72236,nueve
common_voice_es_21986371.wav,86060,seis
common_voice_es_21986377.wav,67628,siete
common_voice_es_21986380.wav,93740,cinco
common_voice_es_21986600.wav,59180,cero
common_voice_es_21986602.wav,63788,nueve
common_voice_es_21986604.wav,59948,uno
common_voice_es_21986608.wav,62252,sí
common_voice_es_21986633.wav,77612,Firefox
common_voice_es_21986638.wav,70700,ocho
common_voice_es_21986639.wav,70700,dos
common_voice_es_21994671.wav,88364,cuatro
common_voice_es_21994672.wav,84524,siete
common_voice_es_21994673.wav,69932,cero
common_voice_es_21994674.wav,78380,cinco
common_voice_es_21994676.wav,71468,sí
common_voice_es_21994724.wav,72236,ocho
common_voice_es_21994725.wav,89900,seis
common_voice_es_21994726.wav,72236,tres
common_voice_es_21994727.wav,73004,uno
common_voice_es_21994728.wav,72236,dos
common_voice_es_21944175.wav,133676,nueve
common_voice_es_21944191.wav,82220,tres
common_voice_es_21944192.wav,79148,seis
common_voice_es_21944193.wav,81452,ocho
common_voice_es_21944194.wav,69932,Hey
common_voice_es_21944216.wav,101420,no
common_voice_es_21944219.wav,75308,sí
common_voice_es_21944221.wav,80684,uno
common_voice_es_21944223.wav,82220,Firefox
common_voice_es_21944225.wav,72236,cinco
common_voice_es_21984551.wav,103724,ocho
common_voice_es_21984554.wav,150572,seis
common_voice_es_21984558.wav,111404,cero
common_voice_es_21984560.wav,152876,nueve
common_voice_es_22034999.wav,86060,cinco
common_voice_es_22035004.wav,120620,uno
common_voice_es_22035007.wav,88364,sí
common_voice_es_22035010.wav,76076,no
common_voice_es_22035106.wav,86060,dos
common_voice_es_22035110.wav,116012,tres
common_voice_es_22035112.wav,77612,siete
common_voice_es_21999683.wav,77612,Hey
common_voice_es_21999684.wav,85292,nueve
common_voice_es_21999700.wav,73772,siete
common_voice_es_21999703.wav,71468,seis
common_voice_es_21999705.wav,90668,tres
common_voice_es_21999709.wav,88364,cinco
common_voice_es_21999711.wav,80684,ocho
common_voice_es_21999750.wav,76076,sí
common_voice_es_21999748.wav,60716,no
common_voice_es_21999751.wav,77612,Firefox
common_voice_es_21999753.wav,66092,uno
common_voice_es_21983659.wav,98348,uno
common_voice_es_21983660.wav,76076,Hey
common_voice_es_21983661.wav,73772,nueve
common_voice_es_21983852.wav,79148,siete
common_voice_es_21983862.wav,64556,seis
common_voice_es_21983881.wav,75308,ocho
common_voice_es_21983885.wav,48428,cinco
common_voice_es_21983888.wav,62252,sí
common_voice_es_21983890.wav,53036,cuatro
common_voice_es_21983939.wav,61484,no
common_voice_es_21983941.wav,58412,dos
common_voice_es_21992005.wav,75308,nueve
common_voice_es_21992008.wav,95276,cinco
common_voice_es_21992010.wav,94508,tres
common_voice_es_21992011.wav,88364,uno
common_voice_es_21992069.wav,75308,Firefox
common_voice_es_21992073.wav,76844,ocho
common_voice_es_21992075.wav,65324,dos
common_voice_es_21992078.wav,68396,Hey
common_voice_es_21992139.wav,65324,seis
common_voice_es_21992141.wav,73772,cero
common_voice_es_21992140.wav,56108,no
common_voice_es_21977514.wav,113708,siete
common_voice_es_21977516.wav,74540,dos
common_voice_es_21977522.wav,115244,ocho
common_voice_es_21977524.wav,119084,tres
common_voice_es_21977690.wav,88364,cuatro
common_voice_es_21977697.wav,72236,no
common_voice_es_21977700.wav,73004,nueve
common_voice_es_21977755.wav,87596,uno
common_voice_es_21977757.wav,79916,seis
common_voice_es_21977761.wav,66860,sí
common_voice_es_21977763.wav,86828,Firefox
common_voice_es_21940225.wav,89900,ocho
common_voice_es_21940230.wav,120620,tres
common_voice_es_21940236.wav,95276,cuatro
common_voice_es_21940241.wav,89132,seis
common_voice_es_21940575.wav,129836,Firefox
common_voice_es_21940576.wav,93740,uno
common_voice_es_21940602.wav,79916,nueve
common_voice_es_21940603.wav,81452,siete
common_voice_es_21940605.wav,84524,dos
common_voice_es_21940618.wav,58412,sí
common_voice_es_21940617.wav,63020,no
common_voice_es_22038043.wav,122156,ocho
common_voice_es_22038047.wav,102188,nueve
common_voice_es_22038049.wav,119084,cinco
common_voice_es_22038051.wav,66860,Hey
common_voice_es_22038107.wav,97580,dos
common_voice_es_22038109.wav,70700,sí
common_voice_es_22038111.wav,76844,siete
common_voice_es_22040454.wav,86828,tres
common_voice_es_22040457.wav,65324,no
common_voice_es_22040460.wav,76844,uno
common_voice_es_22040462.wav,75308,cuatro
common_voice_es_21940154.wav,66860,uno
common_voice_es_21940155.wav,70700,dos
common_voice_es_21940156.wav,89132,no
common_voice_es_21940157.wav,93740,ocho
common_voice_es_21940226.wav,75308,sí
common_voice_es_21940229.wav,79916,tres
common_voice_es_21940240.wav,80684,nueve
common_voice_es_21940263.wav,78380,Hey
common_voice_es_21940264.wav,76076,cuatro
common_voice_es_21940265.wav,82988,siete
common_voice_es_21940266.wav,75308,cero
common_voice_es_21979791.wav,48428,sí
common_voice_es_21979797.wav,53804,tres
common_voice_es_21979800.wav,46124,uno
common_voice_es_21979817.wav,71468,Firefox
common_voice_es_21979828.wav,52268,nueve
common_voice_es_21979832.wav,53804,dos
common_voice_es_21979836.wav,56108,ocho
common_voice_es_21979909.wav,53804,cero
common_voice_es_21979910.wav,53804,Hey
common_voice_es_21979911.wav,53804,cuatro
common_voice_es_21979912.wav,46124,no
common_voice_es_21995435.wav,73772,cero
common_voice_es_21995439.wav,102956,Hey
common_voice_es_21995441.wav,116012,no
common_voice_es_21995448.wav,97580,ocho
common_voice_es_21995499.wav,89900,Firefox
common_voice_es_21995500.wav,78380,dos
common_voice_es_21995501.wav,91436,seis
common_voice_es_21995502.wav,110636,cuatro
common_voice_es_21995744.wav,86060,uno
common_voice_es_21995746.wav,91436,cinco
common_voice_es_21995749.wav,77612,siete
common_voice_es_21995752.wav,84524,tres
common_voice_es_22032869.wav,63788,uno
common_voice_es_22032875.wav,53804,cero
common_voice_es_22032879.wav,60716,nueve
common_voice_es_22032885.wav,76844,seis
common_voice_es_22033000.wav,59948,Hey
common_voice_es_22033005.wav,49196,ocho
common_voice_es_22033013.wav,57644,cuatro
common_voice_es_22033019.wav,46124,dos
common_voice_es_22033027.wav,61484,Firefox
common_voice_es_22033155.wav,51500,no
common_voice_es_22033162.wav,47660,sí
common_voice_es_22033167.wav,59948,cinco
common_voice_es_21972837.wav,94508,cinco
common_voice_es_21972838.wav,88364,no
common_voice_es_21972839.wav,91436,dos
common_voice_es_21972840.wav,99116,nueve
common_voice_es_21973082.wav,92972,uno
common_voice_es_21972843.wav,96044,cero
common_voice_es_21973086.wav,92204,siete
common_voice_es_21973089.wav,82220,sí
common_voice_es_21973090.wav,82988,Hey
common_voice_es_21973091.wav,84524,seis
common_voice_es_21973194.wav,92972,Firefox
common_voice_es_21973199.wav,83756,tres
common_voice_es_21981289.wav,74540,siete
common_voice_es_21981293.wav,73004,cero
common_voice_es_21981297.wav,110636,seis
common_voice_es_21982951.wav,73004,no
common_voice_es_21982952.wav,71468,nueve
common_voice_es_21982953.wav,80684,cuatro
common_voice_es_21982954.wav,76076,uno
common_voice_es_21982956.wav,90668,ocho
common_voice_es_21983070.wav,74540,cinco
common_voice_es_21983071.wav,76844,Firefox
common_voice_es_21983072.wav,78380,Hey
common_voice_es_21983074.wav,79916,dos
common_voice_es_21999123.wav,78380,dos
common_voice_es_21999127.wav,67628,seis
common_voice_es_21999129.wav,73772,Hey
common_voice_es_21999131.wav,64556,uno
common_voice_es_21999143.wav,57644,no
common_voice_es_21999144.wav,53804,ocho
common_voice_es_21999145.wav,54572,cinco
common_voice_es_21999146.wav,62252,nueve
common_voice_es_21999157.wav,76844,siete
common_voice_es_21999159.wav,60716,cuatro
common_voice_es_21999161.wav,54572,cero
common_voice_es_22001622.wav,88364,cinco
common_voice_es_21999164.wav,53036,sí
common_voice_es_22001624.wav,89900,sí
common_voice_es_22001626.wav,82220,seis
common_voice_es_22001630.wav,81452,Hey
common_voice_es_22001697.wav,63020,tres
common_voice_es_22001698.wav,82220,siete
common_voice_es_22001699.wav,55340,no
common_voice_es_22001700.wav,88364,nueve
common_voice_es_22001701.wav,71468,uno
common_voice_es_22001717.wav,70700,cero
common_voice_es_22001718.wav,64556,dos
common_voice_es_22001720.wav,65324,ocho
common_voice_es_21968644.wav,70700,seis
common_voice_es_21968665.wav,61484,ocho
common_voice_es_21968672.wav,69164,tres
common_voice_es_21968718.wav,64556,Hey
common_voice_es_21968723.wav,58412,cero
common_voice_es_21968725.wav,58412,dos
common_voice_es_21968733.wav,54572,uno
common_voice_es_21968731.wav,68396,nueve
common_voice_es_21980559.wav,90668,Firefox
common_voice_es_21980560.wav,76076,siete
common_voice_es_21980561.wav,73004,cuatro
common_voice_es_21980562.wav,59180,no
common_voice_es_21971387.wav,84524,seis
common_voice_es_21971388.wav,86060,ocho
common_voice_es_21971390.wav,84524,cuatro
common_voice_es_21971391.wav,63788,sí
common_voice_es_21971754.wav,153644,siete
common_voice_es_21971756.wav,84524,Firefox
common_voice_es_21971757.wav,92972,no
common_voice_es_21971758.wav,76076,cero
common_voice_es_21971881.wav,73772,uno
common_voice_es_21971882.wav,93740,tres
common_voice_es_21971884.wav,85292,cinco
common_voice_es_21971886.wav,60716,dos
common_voice_es_21994857.wav,124460,seis
common_voice_es_21994859.wav,92204,sí
common_voice_es_21994863.wav,108332,nueve
common_voice_es_21994894.wav,90668,uno
common_voice_es_21994895.wav,122924,Firefox
common_voice_es_21994896.wav,84524,no
common_voice_es_21994897.wav,95276,dos
common_voice_es_21994898.wav,109100,cero
common_voice_es_21994909.wav,95276,tres
common_voice_es_21994910.wav,94508,cinco
common_voice_es_21994911.wav,107564,Hey
common_voice_es_21994912.wav,102188,ocho
common_voice_es_21986292.wav,93740,seis
common_voice_es_21986294.wav,65324,uno
common_voice_es_21986295.wav,57644,tres
common_voice_es_21986298.wav,61484,cinco
common_voice_es_21986411.wav,85292,ocho
common_voice_es_21986414.wav,61484,no
common_voice_es_21986416.wav,58412,sí
common_voice_es_21986418.wav,62252,dos
common_voice_es_21986436.wav,61484,siete
common_voice_es_21986440.wav,61484,Firefox
common_voice_es_21986442.wav,62252,cero
common_voice_es_21986444.wav,50732,Hey
common_voice_es_21938869.wav,84524,tres
common_voice_es_21938870.wav,80684,cinco
common_voice_es_21938871.wav,77612,cuatro
common_voice_es_21938889.wav,88364,uno
common_voice_es_21938896.wav,81452,ocho
common_voice_es_21938898.wav,78380,nueve
common_voice_es_21938901.wav,78380,sí
common_voice_es_21938908.wav,73772,dos
common_voice_es_21938909.wav,79148,siete
common_voice_es_21938912.wav,76844,Hey
common_voice_es_21938935.wav,67628,no
common_voice_es_21938936.wav,84524,cero
common_voice_es_21946233.wav,147500,ocho
common_voice_es_21946234.wav,116780,cuatro
common_voice_es_21946235.wav,102188,seis
common_voice_es_21946236.wav,97580,tres
common_voice_es_21946237.wav,109868,dos
common_voice_es_21946273.wav,106796,uno
common_voice_es_21946274.wav,85292,cero
common_voice_es_21946275.wav,82988,sí
common_voice_es_21946276.wav,96044,Hey
common_voice_es_21946290.wav,69164,no
common_voice_es_21946291.wav,75308,cinco
common_voice_es_21946293.wav,96812,siete
common_voice_es_21981338.wav,112172,Firefox
common_voice_es_21981340.wav,88364,ocho
common_voice_es_21981341.wav,89132,cero
common_voice_es_21981343.wav,71468,uno
common_voice_es_21981345.wav,88364,dos
common_voice_es_21981496.wav,86060,cinco
common_voice_es_21981499.wav,76076,nueve
common_voice_es_21981501.wav,84524,cuatro
common_voice_es_21981503.wav,97580,Hey
common_voice_es_21981600.wav,69932,seis
common_voice_es_21981604.wav,71468,siete
common_voice_es_21981609.wav,78380,no
common_voice_es_21938182.wav,108332,nueve
common_voice_es_21938183.wav,94508,sí
common_voice_es_21938185.wav,93740,ocho
common_voice_es_21938239.wav,75308,tres
common_voice_es_21938240.wav,73772,Hey
common_voice_es_21938241.wav,70700,cinco
common_voice_es_21938242.wav,75308,seis
common_voice_es_21938243.wav,71468,dos
common_voice_es_21938269.wav,75308,Firefox
common_voice_es_21938270.wav,59948,cuatro
common_voice_es_21938271.wav,57644,uno
common_voice_es_21938272.wav,49964,cero
common_voice_es_22032931.wav,90668,no
common_voice_es_22032936.wav,80684,sí
common_voice_es_22032938.wav,86828,cero
common_voice_es_22032951.wav,88364,dos
common_voice_es_22033097.wav,69164,uno
common_voice_es_22033104.wav,65324,ocho
common_voice_es_22033107.wav,67628,cinco
common_voice_es_22033387.wav,61484,Hey
common_voice_es_22033392.wav,59948,seis
common_voice_es_22033395.wav,65324,Firefox
common_voice_es_22033398.wav,57644,siete
common_voice_es_22033401.wav,53804,tres
common_voice_es_22034848.wav,74540,cuatro
common_voice_es_22034855.wav,71468,tres
common_voice_es_22034856.wav,76844,dos
common_voice_es_22034857.wav,69164,nueve
common_voice_es_22034888.wav,67628,cero
common_voice_es_22034889.wav,66860,uno
common_voice_es_22034890.wav,65324,no
common_voice_es_22034891.wav,67628,Hey
common_voice_es_22034892.wav,65324,ocho
common_voice_es_22034933.wav,57644,sí
common_voice_es_22034935.wav,62252,siete
common_voice_es_22034938.wav,65324,cinco
common_voice_es_21991458.wav,79148,ocho
common_voice_es_21991459.wav,99884,Firefox
common_voice_es_21991460.wav,82988,seis
common_voice_es_21991461.wav,109868,cuatro
common_voice_es_21991462.wav,107564,tres
common_voice_es_21991497.wav,87596,siete
common_voice_es_21991498.wav,71468,nueve
common_voice_es_21991499.wav,71468,cinco
common_voice_es_21991500.wav,65324,sí
common_voice_es_21991520.wav,78380,no
common_voice_es_21991521.wav,63020,dos
common_voice_es_21991522.wav,70700,cero
common_voice_es_21991524.wav,72236,uno
common_voice_es_22005895.wav,152108,siete
common_voice_es_22005896.wav,142124,no
common_voice_es_22005897.wav,164396,ocho
common_voice_es_22005898.wav,147500,dos
common_voice_es_22005994.wav,126764,nueve
common_voice_es_22005995.wav,94508,cuatro
common_voice_es_22005996.wav,102956,sí
common_voice_es_22005997.wav,99884,tres
common_voice_es_22005998.wav,125228,Hey
common_voice_es_22006059.wav,115244,Firefox
common_voice_es_22006060.wav,103724,cinco
common_voice_es_22006062.wav,111404,seis
common_voice_es_22006065.wav,95276,uno
common_voice_es_21937963.wav,127532,ocho
common_voice_es_21937964.wav,81452,seis
common_voice_es_21937965.wav,85292,cinco
common_voice_es_21937966.wav,89900,Firefox
common_voice_es_21937967.wav,76844,nueve
common_voice_es_21937969.wav,73004,dos
common_voice_es_21937972.wav,59948,Hey
common_voice_es_21937973.wav,66092,cuatro
common_voice_es_21937974.wav,66860,tres
common_voice_es_21937993.wav,69164,cero
common_voice_es_21937994.wav,63788,no
common_voice_es_21937995.wav,67628,siete
common_voice_es_21937996.wav,56108,sí
common_voice_es_21999773.wav,117548,nueve
common_voice_es_21999778.wav,148268,tres
common_voice_es_21999779.wav,137516,dos
common_voice_es_21999780.wav,122156,cinco
common_voice_es_21999941.wav,99116,Firefox
common_voice_es_21999957.wav,92204,ocho
common_voice_es_22000051.wav,178220,cuatro
common_voice_es_22000055.wav,87596,no
common_voice_es_22000056.wav,91436,seis
common_voice_es_22000057.wav,86060,Hey
common_voice_es_22000058.wav,88364,siete
common_voice_es_22001195.wav,104492,cero
common_voice_es_22001196.wav,86828,sí
common_voice_es_21998817.wav,59948,seis
common_voice_es_21998819.wav,50732,nueve
common_voice_es_21998820.wav,59180,cinco
common_voice_es_21998821.wav,57644,no
common_voice_es_21998858.wav,90668,ocho
common_voice_es_21998859.wav,66860,tres
common_voice_es_21998862.wav,60716,cuatro
common_voice_es_21998863.wav,65324,Firefox
common_voice_es_21998866.wav,67628,dos
common_voice_es_21998868.wav,58412,uno
common_voice_es_21998867.wav,56108,sí
common_voice_es_21998869.wav,53804,cero
common_voice_es_21998870.wav,61484,siete
common_voice_es_21996436.wav,70700,nueve
common_voice_es_21996434.wav,73772,uno
common_voice_es_21996437.wav,63020,seis
common_voice_es_21996439.wav,63788,Hey
common_voice_es_21996765.wav,60716,siete
common_voice_es_21996766.wav,72236,cuatro
common_voice_es_21996768.wav,54572,Firefox
common_voice_es_21996769.wav,73772,cinco
common_voice_es_21996770.wav,59948,ocho
common_voice_es_21996969.wav,50732,dos
common_voice_es_21996971.wav,52268,tres
common_voice_es_21996973.wav,52268,sí
common_voice_es_21996974.wav,57644,cero
common_voice_es_21992958.wav,113708,seis
common_voice_es_21992960.wav,99884,no
common_voice_es_21992961.wav,79916,cero
common_voice_es_21992962.wav,76844,dos
common_voice_es_21992988.wav,101420,siete
common_voice_es_21992989.wav,68396,nueve
common_voice_es_21992990.wav,71468,Firefox
common_voice_es_21992991.wav,75308,sí
common_voice_es_21992992.wav,76844,uno
common_voice_es_21993033.wav,99116,ocho
common_voice_es_21993034.wav,69164,Hey
common_voice_es_21993035.wav,73772,cuatro
common_voice_es_21993036.wav,76844,cinco
common_voice_es_21946320.wav,143660,dos
common_voice_es_21946321.wav,102188,ocho
common_voice_es_21946323.wav,125996,cuatro
common_voice_es_21946324.wav,117548,cinco
common_voice_es_21946326.wav,92204,no
common_voice_es_21946375.wav,93740,seis
common_voice_es_21946376.wav,113708,Firefox
common_voice_es_21946377.wav,97580,nueve
common_voice_es_21946379.wav,84524,sí
common_voice_es_21946530.wav,102188,cero
common_voice_es_21946531.wav,86828,uno
common_voice_es_21946532.wav,92204,siete
common_voice_es_21946533.wav,99116,Hey
common_voice_es_21992710.wav,110636,cero
common_voice_es_21992712.wav,144428,cuatro
common_voice_es_21992715.wav,102956,nueve
common_voice_es_21992717.wav,92972,siete
common_voice_es_21992718.wav,112940,uno
common_voice_es_21992752.wav,100652,cinco
common_voice_es_21992753.wav,83756,tres
common_voice_es_21992754.wav,83756,ocho
common_voice_es_21992755.wav,100652,Hey
common_voice_es_21992756.wav,101420,sí
common_voice_es_21992916.wav,107564,no
common_voice_es_21992917.wav,88364,seis
common_voice_es_21992919.wav,115244,Firefox
common_voice_es_21942460.wav,62252,tres
common_voice_es_21942463.wav,66860,Firefox
common_voice_es_21942464.wav,59948,cuatro
common_voice_es_21942465.wav,48428,Hey
common_voice_es_21942629.wav,40748,no
common_voice_es_21942630.wav,56876,sí
common_voice_es_21942632.wav,54572,nueve
common_voice_es_21942631.wav,46124,cinco
common_voice_es_21942633.wav,53804,uno
common_voice_es_21942795.wav,64556,seis
common_voice_es_21942796.wav,50732,cero
common_voice_es_21942797.wav,63788,ocho
common_voice_es_21942798.wav,62252,dos
common_voice_es_22024210.wav,85308,cuatro
common_voice_es_22024213.wav,76112,sí
common_voice_es_22024215.wav,79456,uno
common_voice_es_22024217.wav,68590,Hey
common_voice_es_22024218.wav,73604,no
common_voice_es_22024319.wav,92830,Firefox
common_voice_es_22024321.wav,85308,siete
common_voice_es_22024323.wav,80292,ocho
common_voice_es_22024324.wav,87816,dos
common_voice_es_22024327.wav,83636,seis
common_voice_es_22025615.wav,96044,cinco
common_voice_es_22025616.wav,83756,tres
common_voice_es_22025620.wav,92972,nueve
common_voice_es_21966812.wav,63788,sí
common_voice_es_21966813.wav,73004,dos
common_voice_es_21966814.wav,67628,Hey
common_voice_es_21966815.wav,67628,cero
common_voice_es_21966955.wav,64556,tres
common_voice_es_21966957.wav,64556,ocho
common_voice_es_21966956.wav,64556,cuatro
common_voice_es_21966958.wav,63788,uno
common_voice_es_21966959.wav,63020,no
common_voice_es_21966970.wav,59948,siete
common_voice_es_21966971.wav,76076,Firefox
common_voice_es_21966972.wav,66860,nueve
common_voice_es_21966973.wav,63020,seis
common_voice_es_21940631.wav,106796,ocho
common_voice_es_21940632.wav,138284,seis
common_voice_es_21940634.wav,129068,dos
common_voice_es_21940635.wav,100652,cuatro
common_voice_es_21940636.wav,101420,nueve
common_voice_es_21940654.wav,86828,siete
common_voice_es_21940656.wav,96044,tres
common_voice_es_21940657.wav,109100,cinco
common_voice_es_21940658.wav,109100,cero
common_voice_es_21940659.wav,97580,sí
common_voice_es_21940675.wav,88364,no
common_voice_es_21940677.wav,74540,uno
common_voice_es_21940678.wav,69932,Hey
common_voice_es_22021996.wav,68396,sí
common_voice_es_22021998.wav,84524,cinco
common_voice_es_22021999.wav,73004,no
common_voice_es_22022000.wav,84524,tres
common_voice_es_22022092.wav,82220,cero
common_voice_es_22022094.wav,71468,siete
common_voice_es_22022095.wav,79148,seis
common_voice_es_22022097.wav,81452,ocho
common_voice_es_22022099.wav,71468,cuatro
common_voice_es_22022184.wav,79148,nueve
common_voice_es_22022186.wav,62252,Hey
common_voice_es_22022188.wav,81452,Firefox
common_voice_es_22022189.wav,69164,dos
common_voice_es_21979478.wav,296492,cuatro
common_voice_es_21979481.wav,176684,ocho
common_voice_es_21979486.wav,98348,siete
common_voice_es_21979488.wav,86060,uno
common_voice_es_21979626.wav,102956,no
common_voice_es_21979627.wav,95276,Firefox
common_voice_es_21979628.wav,96812,tres
common_voice_es_21979629.wav,82220,Hey
common_voice_es_21979983.wav,72236,nueve
common_voice_es_21979995.wav,76076,seis
common_voice_es_21979996.wav,68396,cero
common_voice_es_21979997.wav,72236,sí
common_voice_es_21980369.wav,66092,dos
common_voice_es_21985266.wav,131372,ocho
common_voice_es_21985267.wav,94508,sí
common_voice_es_21985269.wav,93740,siete
common_voice_es_21985271.wav,77612,Hey
common_voice_es_21985275.wav,79916,tres
common_voice_es_21985582.wav,125228,no
common_voice_es_21985591.wav,83756,dos
common_voice_es_21985598.wav,73004,cuatro
common_voice_es_21985601.wav,86060,Firefox
common_voice_es_21986082.wav,73004,nueve
common_voice_es_21986084.wav,80684,cinco
common_voice_es_21986086.wav,65324,cero
common_voice_es_21986089.wav,67628,uno
common_voice_es_21985636.wav,78380,sí
common_voice_es_21985641.wav,83756,no
common_voice_es_21985645.wav,81452,Firefox
common_voice_es_21985650.wav,78380,tres
common_voice_es_21985693.wav,73772,siete
common_voice_es_21985698.wav,84524,cuatro
common_voice_es_21985701.wav,78380,ocho
common_voice_es_21985705.wav,75308,seis
common_voice_es_21985710.wav,82988,cero
common_voice_es_21985798.wav,78380,nueve
common_voice_es_21985803.wav,76076,Hey
common_voice_es_21985810.wav,78380,dos
common_voice_es_21985806.wav,73772,cinco
common_voice_es_21996029.wav,112172,cero
common_voice_es_21996030.wav,79916,Firefox
common_voice_es_21996032.wav,76076,Hey
common_voice_es_21996033.wav,79148,dos
common_voice_es_21996091.wav,73772,siete
common_voice_es_21996093.wav,69932,uno
common_voice_es_21996094.wav,68396,tres
common_voice_es_21996106.wav,52268,sí
common_voice_es_21996107.wav,59948,cuatro
common_voice_es_21996144.wav,92204,cinco
common_voice_es_21996145.wav,61484,seis
common_voice_es_21996146.wav,59180,no
common_voice_es_21996147.wav,64556,ocho
common_voice_es_21945074.wav,78380,Hey
common_voice_es_21945075.wav,62252,tres
common_voice_es_21945076.wav,62252,seis
common_voice_es_21945077.wav,73772,ocho
common_voice_es_21945078.wav,62252,cinco
common_voice_es_21945079.wav,57644,siete
common_voice_es_21945081.wav,53804,cero
common_voice_es_21945080.wav,56108,uno
common_voice_es_21945082.wav,55340,sí
common_voice_es_21945083.wav,57644,nueve
common_voice_es_21945114.wav,73004,Firefox
common_voice_es_21945116.wav,56876,cuatro
common_voice_es_21945117.wav,49964,no
common_voice_es_21961267.wav,76844,dos
common_voice_es_21961270.wav,104492,seis
common_voice_es_21961277.wav,70700,cuatro
common_voice_es_21961280.wav,174380,ocho
common_voice_es_21961284.wav,103724,Hey
common_voice_es_21961341.wav,82220,siete
common_voice_es_21961342.wav,66860,tres
common_voice_es_21961343.wav,76076,uno
common_voice_es_21961344.wav,70700,no
common_voice_es_21961469.wav,84524,Firefox
common_voice_es_21961470.wav,66092,cero
common_voice_es_21961471.wav,61484,sí
common_voice_es_21961472.wav,73004,cinco
common_voice_es_22007043.wav,55340,cero
common_voice_es_22007048.wav,69932,ocho
common_voice_es_22007051.wav,59180,cinco
common_voice_es_22007052.wav,61484,Firefox
common_voice_es_22007181.wav,60716,no
common_voice_es_22007192.wav,49964,uno
common_voice_es_22007193.wav,65324,cuatro
common_voice_es_22007197.wav,56876,tres
common_voice_es_22007194.wav,61484,siete
common_voice_es_22007426.wav,44588,seis
common_voice_es_22007434.wav,51500,dos
common_voice_es_22007435.wav,55340,nueve
common_voice_es_22007436.wav,46124,Hey
common_voice_es_21975760.wav,259628,Hey
common_voice_es_21975763.wav,76844,cuatro
common_voice_es_21975764.wav,71468,seis
common_voice_es_21975767.wav,122156,cinco
common_voice_es_21975768.wav,82220,uno
common_voice_es_21975856.wav,79916,dos
common_voice_es_21975857.wav,73004,no
common_voice_es_21975858.wav,66860,nueve
common_voice_es_21975859.wav,69932,ocho
common_voice_es_21975860.wav,74540,Firefox
common_voice_es_21976301.wav,64556,sí
common_voice_es_21976304.wav,69164,tres
common_voice_es_21976305.wav,76076,siete
common_voice_es_21976306.wav,67628,cero
common_voice_es_21969737.wav,66860,cinco
common_voice_es_21969738.wav,98348,cero
common_voice_es_21969739.wav,79148,sí
common_voice_es_21969740.wav,84524,uno
common_voice_es_21969741.wav,83756,siete
common_voice_es_21970110.wav,93740,cuatro
common_voice_es_21970115.wav,63788,tres
common_voice_es_21970118.wav,71468,seis
common_voice_es_21970122.wav,56876,Hey
common_voice_es_21970124.wav,75308,ocho
common_voice_es_21970511.wav,84524,dos
common_voice_es_21970512.wav,89900,Firefox
common_voice_es_21970513.wav,84524,no
common_voice_es_21970514.wav,73772,nueve
common_voice_es_21970882.wav,100652,ocho
common_voice_es_21970883.wav,81452,no
common_voice_es_21970885.wav,67628,nueve
common_voice_es_21970887.wav,64556,uno
common_voice_es_21970888.wav,66092,sí
common_voice_es_21971764.wav,73772,tres
common_voice_es_21971765.wav,59180,Hey
common_voice_es_21971766.wav,64556,cuatro
common_voice_es_21971767.wav,58412,seis
common_voice_es_21971768.wav,61484,siete
common_voice_es_21971826.wav,71468,cero
common_voice_es_21971827.wav,68396,cinco
common_voice_es_21971829.wav,63020,dos
common_voice_es_21971830.wav,72236,Firefox
common_voice_es_22036776.wav,72236,dos
common_voice_es_22036778.wav,59948,uno
common_voice_es_22036779.wav,60716,no
common_voice_es_22036782.wav,66860,Firefox
common_voice_es_22036800.wav,69932,seis
common_voice_es_22036785.wav,73772,cero
common_voice_es_22036801.wav,61484,sí
common_voice_es_22036805.wav,69932,nueve
common_voice_es_22036807.wav,69164,Hey
common_voice_es_22036810.wav,63788,cuatro
common_voice_es_22036843.wav,60716,ocho
common_voice_es_22036844.wav,71468,siete
common_voice_es_22036846.wav,59948,cinco
common_voice_es_22036847.wav,60716,tres
common_voice_es_21928373.wav,127532,no
common_voice_es_21928374.wav,107564,uno
common_voice_es_21928375.wav,81452,sí
common_voice_es_21928376.wav,76844,dos
common_voice_es_21928377.wav,96044,Firefox
common_voice_es_21928378.wav,81452,cero
common_voice_es_21928379.wav,70700,Hey
common_voice_es_21928380.wav,78380,seis
common_voice_es_21928381.wav,82220,siete
common_voice_es_21928382.wav,79916,ocho
common_voice_es_21928383.wav,82220,nueve
common_voice_es_21928384.wav,77612,tres
common_voice_es_21928385.wav,97580,cuatro
common_voice_es_21928386.wav,73004,cinco
common_voice_es_21998908.wav,76844,sí
common_voice_es_21998910.wav,79148,Hey
common_voice_es_21998915.wav,67628,cero
common_voice_es_21998918.wav,75308,ocho
common_voice_es_21998919.wav,80684,dos
common_voice_es_21999082.wav,79916,uno
common_voice_es_21999083.wav,79148,seis
common_voice_es_21999084.wav,66860,no
common_voice_es_21999085.wav,69164,tres
common_voice_es_21999086.wav,69164,nueve
common_voice_es_21999212.wav,76844,Firefox
common_voice_es_21999213.wav,73772,siete
common_voice_es_21999214.wav,70700,cuatro
common_voice_es_21999215.wav,69932,cinco
common_voice_es_21984538.wav,64556,nueve
common_voice_es_21984539.wav,76076,ocho
common_voice_es_21984540.wav,75308,sí
common_voice_es_21984541.wav,79148,Firefox
common_voice_es_21984817.wav,69932,Hey
common_voice_es_21984820.wav,72236,dos
common_voice_es_21984823.wav,89900,no
common_voice_es_21984826.wav,88364,siete
common_voice_es_21984830.wav,92204,cinco
common_voice_es_21985104.wav,72236,tres
common_voice_es_21985108.wav,79148,cuatro
common_voice_es_21985110.wav,82220,seis
common_voice_es_21985112.wav,93740,uno
common_voice_es_21985115.wav,77612,cero
common_voice_es_21943206.wav,103724,tres
common_voice_es_21943208.wav,76844,cinco
common_voice_es_21943209.wav,67628,sí
common_voice_es_21943210.wav,80684,siete
common_voice_es_21943211.wav,73004,dos
common_voice_es_21943347.wav,67628,no
common_voice_es_21943348.wav,76844,ocho
common_voice_es_21943349.wav,94508,Firefox
common_voice_es_21943350.wav,71468,Hey
common_voice_es_21943351.wav,69164,nueve
common_voice_es_21943395.wav,59948,uno
common_voice_es_21943396.wav,46124,cero
common_voice_es_21943397.wav,53804,seis
common_voice_es_21943398.wav,56108,cuatro
common_voice_es_22002200.wav,86060,cero
common_voice_es_22002201.wav,76844,siete
common_voice_es_22002203.wav,100652,dos
common_voice_es_22002204.wav,93740,nueve
common_voice_es_22002205.wav,96044,ocho
common_voice_es_22002408.wav,78380,uno
common_voice_es_22002409.wav,73772,sí
common_voice_es_22002410.wav,66860,Hey
common_voice_es_22002411.wav,79916,Firefox
common_voice_es_22002412.wav,68396,no
common_voice_es_22002430.wav,80684,cinco
common_voice_es_22002433.wav,73004,cuatro
common_voice_es_22002434.wav,59180,tres
common_voice_es_22002436.wav,66092,seis
common_voice_es_21984923.wav,80684,dos
common_voice_es_21984925.wav,78380,seis
common_voice_es_21984929.wav,66860,no
common_voice_es_21984933.wav,80684,nueve
common_voice_es_21985215.wav,83756,cero
common_voice_es_21985219.wav,72236,uno
common_voice_es_21985222.wav,61484,Hey
common_voice_es_21985224.wav,65324,tres
common_voice_es_21985227.wav,73004,ocho
common_voice_es_21985241.wav,74540,siete
common_voice_es_21985242.wav,84524,Firefox
common_voice_es_21985245.wav,65324,sí
common_voice_es_21985247.wav,72236,cinco
common_voice_es_21985250.wav,69164,cuatro
common_voice_es_22000669.wav,128300,dos
common_voice_es_22000670.wav,70700,siete
common_voice_es_22000671.wav,56108,cinco
common_voice_es_22000672.wav,56876,cero
common_voice_es_22000673.wav,54572,seis
common_voice_es_22000710.wav,43052,tres
common_voice_es_22000711.wav,66860,Firefox
common_voice_es_22000712.wav,73772,uno
common_voice_es_22000713.wav,53804,sí
common_voice_es_22000714.wav,53804,no
common_voice_es_22000729.wav,56108,nueve
common_voice_es_22000730.wav,55340,cuatro
common_voice_es_22000731.wav,49964,Hey
common_voice_es_22000732.wav,47660,ocho
common_voice_es_21996910.wav,107564,cinco
common_voice_es_21996913.wav,66092,tres
common_voice_es_21996916.wav,86828,uno
common_voice_es_21996917.wav,73004,no
common_voice_es_21996918.wav,81452,dos
common_voice_es_21997053.wav,72236,nueve
common_voice_es_21997054.wav,63788,Hey
common_voice_es_21997055.wav,77612,seis
common_voice_es_21997056.wav,73772,cero
common_voice_es_21997057.wav,81452,Firefox
common_voice_es_21997120.wav,66092,siete
common_voice_es_21997123.wav,66092,sí
common_voice_es_21997125.wav,79148,ocho
common_voice_es_21997128.wav,66860,cuatro
common_voice_es_21980580.wav,70700,seis
common_voice_es_21980582.wav,97580,ocho
common_voice_es_21980583.wav,87596,siete
common_voice_es_21980584.wav,95276,nueve
common_voice_es_21980586.wav,83756,no
common_voice_es_21980998.wav,92204,cinco
common_voice_es_21981001.wav,92972,tres
common_voice_es_21981006.wav,92972,uno
common_voice_es_21981009.wav,93740,dos
common_voice_es_21981014.wav,88364,Firefox
common_voice_es_21981246.wav,86828,cero
common_voice_es_21981249.wav,93740,sí
common_voice_es_21981251.wav,89132,Hey
common_voice_es_21981254.wav,92204,cuatro
common_voice_es_21999783.wav,70700,nueve
common_voice_es_21999784.wav,55340,sí
common_voice_es_21999786.wav,61484,seis
common_voice_es_21999787.wav,64556,no
common_voice_es_21999788.wav,53804,Hey
common_voice_es_21999814.wav,73772,dos
common_voice_es_21999816.wav,58412,siete
common_voice_es_21999818.wav,69932,Firefox
common_voice_es_21999819.wav,73772,cinco
common_voice_es_21999820.wav,65324,uno
common_voice_es_21999831.wav,66092,ocho
common_voice_es_21999832.wav,70700,tres
common_voice_es_21999833.wav,68396,cuatro
common_voice_es_21999834.wav,73772,cero
common_voice_es_21939240.wav,73004,cuatro
common_voice_es_21939241.wav,63788,cero
common_voice_es_21939242.wav,64556,no
common_voice_es_21939243.wav,69164,seis
common_voice_es_21939244.wav,59180,uno
common_voice_es_21939256.wav,54572,sí
common_voice_es_21939257.wav,56876,siete
common_voice_es_21939258.wav,53804,nueve
common_voice_es_21939259.wav,58412,tres
common_voice_es_21939260.wav,66092,cinco
common_voice_es_21939270.wav,63788,Firefox
common_voice_es_21939271.wav,58412,Hey
common_voice_es_21939272.wav,56876,dos
common_voice_es_21939274.wav,49196,ocho
common_voice_es_21939410.wav,92204,dos
common_voice_es_21939411.wav,77612,no
common_voice_es_21939412.wav,66860,cuatro
common_voice_es_21939413.wav,75308,cero
common_voice_es_21939414.wav,74540,siete
common_voice_es_21939439.wav,79148,nueve
common_voice_es_21939441.wav,73772,ocho
common_voice_es_21939442.wav,64556,sí
common_voice_es_21939443.wav,66860,cinco
common_voice_es_21939444.wav,69164,tres
common_voice_es_21939496.wav,90668,seis
common_voice_es_21939497.wav,80684,Firefox
common_voice_es_21939499.wav,62252,uno
common_voice_es_21939500.wav,57644,Hey
common_voice_es_22036031.wav,69932,seis
common_voice_es_22036033.wav,70700,dos
common_voice_es_22036035.wav,69164,cero
common_voice_es_22036036.wav,62252,cuatro
common_voice_es_22036037.wav,63020,uno
common_voice_es_22036056.wav,73772,nueve
common_voice_es_22036057.wav,60716,no
common_voice_es_22036058.wav,56108,sí
common_voice_es_22036059.wav,59948,cinco
common_voice_es_22036060.wav,72236,Firefox
common_voice_es_22036092.wav,68396,ocho
common_voice_es_22036095.wav,74540,tres
common_voice_es_22036097.wav,61484,Hey
common_voice_es_22036100.wav,73772,siete
common_voice_es_21896943.wav,73772,cuatro
common_voice_es_21896944.wav,57644,ocho
common_voice_es_21896945.wav,67628,dos
common_voice_es_21896946.wav,58412,seis
common_voice_es_21896947.wav,56876,no
common_voice_es_21896948.wav,75308,Firefox
common_voice_es_21896949.wav,63788,cinco
common_voice_es_21896950.wav,53036,Hey
common_voice_es_21896951.wav,56876,cero
common_voice_es_21896952.wav,56876,tres
common_voice_es_21896963.wav,66860,uno
common_voice_es_21896964.wav,60716,nueve
common_voice_es_21896965.wav,58412,siete
common_voice_es_21896966.wav,56876,sí
common_voice_es_21994729.wav,182828,Hey
common_voice_es_21994730.wav,113708,cuatro
common_voice_es_21994731.wav,89900,siete
common_voice_es_21994732.wav,75308,seis
common_voice_es_21994733.wav,91436,cero
common_voice_es_21994744.wav,75308,dos
common_voice_es_21994745.wav,81452,ocho
common_voice_es_21994746.wav,63020,sí
common_voice_es_21994747.wav,50732,uno
common_voice_es_21994748.wav,62252,nueve
common_voice_es_21995922.wav,73772,tres
common_voice_es_21995924.wav,70700,no
common_voice_es_21995925.wav,59180,cinco
common_voice_es_21995927.wav,76076,Firefox
common_voice_es_21976629.wav,288044,cinco
common_voice_es_21976630.wav,110636,ocho
common_voice_es_21976631.wav,154412,dos
common_voice_es_21976633.wav,148268,nueve
common_voice_es_21976635.wav,136748,siete
common_voice_es_21976858.wav,83756,no
common_voice_es_21976863.wav,133676,Firefox
common_voice_es_21976866.wav,100652,sí
common_voice_es_21976870.wav,121388,tres
common_voice_es_21976873.wav,110636,cero
common_voice_es_21976919.wav,152876,uno
common_voice_es_21976921.wav,109868,Hey
common_voice_es_21976924.wav,76844,seis
common_voice_es_21976926.wav,83756,cuatro
common_voice_es_21938050.wav,62252,uno
common_voice_es_21938053.wav,73004,nueve
common_voice_es_21938058.wav,64556,ocho
common_voice_es_21938061.wav,49196,no
common_voice_es_21938062.wav,66092,cuatro
common_voice_es_21938194.wav,68396,tres
common_voice_es_21938196.wav,83756,Firefox
common_voice_es_21938197.wav,66860,dos
common_voice_es_21938199.wav,81452,siete
common_voice_es_21938201.wav,66092,sí
common_voice_es_21938224.wav,69164,seis
common_voice_es_21938225.wav,69932,Hey
common_voice_es_21938226.wav,78380,cinco
common_voice_es_21938227.wav,66860,cero
common_voice_es_21987040.wav,164396,Firefox
common_voice_es_21987042.wav,100652,tres
common_voice_es_21987043.wav,70700,cuatro
common_voice_es_21987045.wav,82220,cero
common_voice_es_21987047.wav,87596,siete
common_voice_es_21987056.wav,76844,Hey
common_voice_es_21987057.wav,67628,no
common_voice_es_21987058.wav,78380,cinco
common_voice_es_21987059.wav,73772,nueve
common_voice_es_21987060.wav,69164,sí
common_voice_es_21987086.wav,89132,seis
common_voice_es_21987087.wav,79916,dos
common_voice_es_21987088.wav,82988,ocho
common_voice_es_21987089.wav,63020,uno
common_voice_es_21998254.wav,66860,siete
common_voice_es_21998255.wav,76076,seis
common_voice_es_21998256.wav,89132,uno
common_voice_es_21998257.wav,75308,no
common_voice_es_21998259.wav,87596,Firefox
common_voice_es_21998270.wav,73004,dos
common_voice_es_21998271.wav,82220,nueve
common_voice_es_21998273.wav,73004,cero
common_voice_es_21998275.wav,69164,tres
common_voice_es_21998278.wav,63788,cuatro
common_voice_es_21998342.wav,100652,sí
common_voice_es_21998343.wav,72236,Hey
common_voice_es_21998344.wav,73004,ocho
common_voice_es_21998347.wav,80684,cinco
common_voice_es_21993932.wav,80684,cuatro
common_voice_es_21993933.wav,132908,Firefox
common_voice_es_21993934.wav,99884,dos
common_voice_es_21993935.wav,87596,seis
common_voice_es_21993936.wav,90668,cinco
common_voice_es_21993955.wav,86828,tres
common_voice_es_21993957.wav,95276,ocho
common_voice_es_21993958.wav,92204,nueve
common_voice_es_21993959.wav,79148,sí
common_voice_es_21993960.wav,113708,cero
common_voice_es_21994544.wav,133676,uno
common_voice_es_21994546.wav,66092,siete
common_voice_es_21994547.wav,73004,no
common_voice_es_21994548.wav,77612,Hey
